Id,Дата Ввода,Дата Окончания,Код По Арм,Код,Наименование Непосредственного Объекта Пожара,Классификатор Объектов Пожара
3,2016-11-24,,,11,"Общежитие
",4
4,2016-11-24,,,13,"Пансионат
",4
5,2016-11-24,,,4,"Детский оздоровительный лагерь
",4
6,2016-11-24,,,16,"Санаторий, дом отдыха
",4
7,2016-11-24,,,5,"Дом престарелых и инвалидов
",4
8,2016-11-24,,,17,"Спальный корпус школы-интерната, детского учреждения
",4
9,2016-11-24,,,6,"Дошкольное учреждение
",4
10,2016-11-24,,,18,"Другие подобные здания и сооружения по данной группе
",4
11,2016-11-24,,,7,"Кемпинг
",4
12,2016-11-24,,,27,"Спортивное сооружение с трибунами для посетителей
",5
13,2016-11-24,,,28,"Спортивно-тренировочное учреждение без трибун для зрителей
",5
14,2016-11-24,,,21,"Дом культуры
",5
15,2016-11-24,,,29,"Танцевальный зал
",5
16,2016-11-24,,,22,"Кинотеатр
",5
17,2016-11-24,,,30,"Театр
",5
18,2016-11-24,,,23,"Клуб
",5
19,2016-11-24,,,31,"Цирк
",5
20,2016-11-24,,,24,"Концертный зал
",5
21,2016-11-24,,,32,"Другие подобные здания и сооружения по данной группе
",5
22,2016-11-24,,,25,"Культовое учреждение
",5
23,2016-11-24,,,26,"Музей
",5
24,2016-11-24,,,43,"Предприятие торговли
",6
25,2016-11-24,,,44,"Речной порт (вокзал)
",6
26,2016-11-24,,,35,"Банный комплекс
",6
27,2016-11-24,,,45,"Ритуальное учреждение
",6
28,2016-11-24,,,36,"Вокзал
",6
29,2016-11-24,,,46,"Сберегательная касса
",6
30,2016-11-24,,,37,"Нотариальная контора
",6
31,2016-11-24,,,47,"Транспортное агентство
",6
32,2016-11-24,,,38,"Парикмахерская
",6
33,2016-11-24,,,48,"Физкультурно-оздоровительный комплекс
",6
34,2016-11-24,,,39,"Поликлиника, амбулатория
",6
35,2016-11-24,,,49,"Химчистка
",6
36,2016-11-24,,,40,"Почта
",6
37,2016-11-24,,,50,"Юридическая консультация
",6
38,2016-11-24,,,41,"Прачечная
",6
39,2016-11-24,,,51,"Другие подобные объекты по данной группе
",6
40,2016-11-24,,,42,"Предприятие общественного питания
",6
41,2016-11-24,,,52,"Банк
",7
42,2016-11-24,,,58,"Редакционно-издательская организация
",7
43,2016-11-24,,,53,"Внешкольное учебное заведение
",7
44,2016-11-24,,,59,"Среднее специальное учебное заведение
",7
45,2016-11-24,,,54,"Высшее учебное заведение
",7
46,2016-11-24,,,60,"Учреждение повышения квалификации
",7
47,2016-11-24,,,55,"Научно-исследовательская организация
",7
48,2016-11-24,,,61,"Учреждение управления
",7
49,2016-11-24,,,56,"Проектно-конструкторская организация
",7
50,2016-11-24,,,62,"Школа
",7
51,2016-11-24,,,57,"Профессионально-техническое училище
",7
52,2016-11-24,,,63,"Другие подобные здания и сооружения по данной группе
",7
53,2016-11-24,,,64,"Административное здание предприятия
",8
54,2016-11-24,,,75,"Производственное здание и сооружение категории «Д», «Дн»
",8
55,2016-11-24,,,65,"Бытовое здание предприятия
",8
56,2016-11-24,,,78,"Складское здание и сооружение категории «А», «Ан»
",8
57,2016-11-24,,,68,"Здание, сооружение для хранения, технического обслуживания и ремонта транспорта
",8
58,2016-11-24,,,79,"Складское здание и сооружение категории «Б», «Бн»
",8
59,2016-11-24,,,71,"Производственное здание и сооружение категории «А», «Ан»
",8
60,2016-11-24,,,80,"Складское здание и сооружение категории «В», «Вн»
",8
61,2016-11-24,,,72,"Производственное здание и сооружение категории «Б», «Бн»
",8
62,2016-11-24,,,81,"Складское здание и сооружение категории «Д», «Дн»
",8
63,2016-11-24,,,73,"Производственное здание и сооружение категории «В», «Вн» (В1-В4)
",8
64,2016-11-24,,,82,"Транспортная стоянка
",8
65,2016-11-24,,,74,"Производственное здание и сооружение категории «Г», «Гн»
",8
66,2016-11-24,,,85,"Другие подобные здания и сооружения по данной группе
",8
67,2016-11-24,,,86,"Бытовое здание строительной организации
",9
68,2016-11-24,,,88,"Складское здание (сооружение) на территории строительства
",9
69,2016-11-24,,,87,"Здание, сооружение нового строительства, реконструкции, капитального ремонта
",9
70,2016-11-24,,,89,"Другие подобные здания и сооружения по данной группе
",9
71,2016-11-24,,,90,"Территория
",10
72,2016-11-24,,,93,"Трубопроводный транспорт
",10
73,2016-11-24,,,91,"Другие непосредственные объекты пожара
",10
74,2016-11-24,,,76,"Птицеводческая ферма
",11
75,2016-11-24,,,83,"Фрукто-, овощехранилище
",11
76,2016-11-24,,,77,"Сельскохозяйственное угодие
",11
77,2016-11-24,,,66,"Животноводческая ферма
",12
78,2016-11-24,,,94,"Склады грубых кормов
",12
79,2016-11-24,,,67,"Звероводческая ферма
",12
80,2016-11-24,,,69,"Комбинат хлебопродуктов
",12
81,2016-11-24,,,70,"Механизированный ток
",12
82,2016-11-24,,,95,"Автомобиль легковой
",13
83,2016-11-24,,,103,"Мотоцикл, мопед, мотороллер, мотоколяска
",13
84,2016-11-24,,,96,"Автомобиль грузовой
",13
85,2016-11-24,,,104,"Трактор
",13
86,2016-11-24,,,98,"Автобус
",13
87,2016-11-24,,,105,"Комбайн
",13
88,2016-11-24,,,99,"Троллейбус
",13
89,2016-11-24,,,106,"Другая сельхозтехника
",13
90,2016-11-24,,,100,"Трамвай
",13
91,2016-11-24,,,107,"Другая техника
",13
92,2016-11-24,,,101,"Электропоезд
",13
93,2016-11-24,,,108,"Речной транспорт
",13
94,2016-11-24,,,102,"Железнодорожная техника
",13
95,2016-11-24,,,8,"Многоквартирный жилой дом
",14
96,2016-11-24,,,14,"Приусадебный участок
",14
97,2016-11-24,,,10,"Надворная постройка
",14
98,2016-11-24,,,15,"Садовый домик, дача
",14
99,2016-11-24,,,12,"Одноквартирный,  блочный жилой дом",14
2,2016-11-25,,,9,Мотель,4
