Id,Дата Ввода,Дата Окончания,Код По Арм,Код,Наименование Места Возникновения Пожара,Классификатор Типов Мест Возникновения Пожаров
2,2016-12-02,,,1,"Актовый
",1
3,2016-12-02,,,2,"Выставочный, музейный
",1
5,2016-12-02,,,10,"Пассажирский 
",1
6,2016-12-02,,,3,"Гимнастических занятий
",1
7,2016-12-02,,,11,"Спортивный
",1
8,2016-12-02,,,4,"Зрительный
",1
9,2016-12-02,,,12,"Торговый
",1
10,2016-12-02,,,5,"Кассовый
",1
11,2016-12-02,,,13,"Чертежный
",1
12,2016-12-02,,,6,"Машинный
",1
13,2016-12-02,,,14,"Читальный
",1
14,2016-12-02,,,7,"Музыкальных занятий
",1
16,2016-12-02,,,8,"Обеденный
",1
1,2016-11-25,,,1,Место,2
4,2016-12-02,,,9,Операционный,2
15,2016-12-02,,,15,ЭВМ,2
