Id,Дата Ввода,Дата Окончания,Код По Арм,Код,"Наименование Изделия, Устройства"
1,2016-11-23,,,32,"Бытовой электроинструмент (дрели, пилы, рубанки и т.п.)
"
2,2016-11-23,,,33,"Средства связи и информатики (ком­муникационные станции, телефонные аппараты всех типов, факсимильные аппараты и т.п.)
"
3,2016-11-23,,,3,"Кондиционер
"
4,2016-11-23,,,34,"Средства измерения электронные
"
5,2016-11-23,,,4,"Магнитофон
"
6,2016-11-23,,,35,"Автомат игровой
"
7,2016-11-23,,,5,"Радиоприемник
"
8,2016-11-23,,,36,"Другие электробытовые устройства
"
9,2016-11-23,,,6,"Приемник телевизионный
"
10,2016-11-23,,,37,"Газовая установка, прибор, плита
"
11,2016-11-23,,,7,"Электрокалорифер, электрокамин
"
12,2016-11-23,,,38,"Газовый баллон
"
13,2016-11-23,,,39,"Генератор, преобразователь, выпрями­тель, аппараты сварочные
"
14,2016-11-23,,,9,"Электрическое осветительное устройство
"
15,2016-11-23,,,40,"Автомат, полуавтоматы для дуговой сварки
"
16,2016-11-23,,,10,"Электроприбор для нагрева жидкости
"
17,2016-11-23,,,41,"Медицинский прибор или аппарат
"
18,2016-11-23,,,11,"Электроутюг
"
19,2016-11-23,,,42,"Промышленный электродвигатель
"
20,2016-11-23,,,12,"Стиральная машина
"
21,2016-11-23,,,43,"Вводной щит, щиток со счетчиком
"
22,2016-11-23,,,13,"Швейная, вязальная машина электриче­ская
"
23,2016-11-23,,,44,"Трансформатор, стабилизатор
"
24,2016-11-23,,,45,"Выключатель, переключатель, прерыватель, штепсельные вилки и розетки
"
25,2016-11-23,,,15,"Электрозвонок
"
26,2016-11-23,,,46,"Кабель, провод
"
27,2016-11-23,,,16,"Плита электрическая, электроплитка
"
28,2016-11-23,,,47,"Блоки питания
"
29,2016-11-23,,,17,"Электроприбор для приготовления пищи
"
30,2016-11-23,,,48,"Машина для автоматизированной обработки информации и ее блоки
"
31,2016-11-23,,,18,"Машина или прибор для механизации кухонных работ
"
32,2016-11-23,,,49,"Нагревательный, осветительный прибор на жидком топливе
"
33,2016-11-23,,,19,"Электрический шкаф для сушки
"
34,2016-11-23,,,50,"Нагревательный прибор на твердом топливе
"
35,2016-11-23,,,20,"Центрифуга
"
36,2016-11-23,,,51,"Воздуховод
"
37,2016-11-23,,,21,"Стерилизатор
"
38,2016-11-23,,,52,"Сельскохозяйственная культура
"
39,2016-11-23,,,22,"Гладильная машина
"
40,2016-11-23,,,53,"Имущество населения
"
41,2016-11-23,,,23,"Водонагреватель проточный
"
42,2016-11-23,,,54,"Вещества и материалы, используемые в производстве
"
43,2016-11-23,,,24,"Электроприбор санитарно-гигиенический
"
44,2016-11-23,,,55,"Кузов транспорта
"
45,2016-11-23,,,25,"Электрополотенце 
"
46,2016-11-23,,,56,"Салон (кабина) транспорта
"
47,2016-11-23,,,26,"Электроодеяло 
"
48,2016-11-23,,,57,"Двигатель транспорта
"
49,2016-11-23,,,27,"Устройство для зарядки аккумуляторов
"
50,2016-11-23,,,58,"Ходовая часть
"
51,2016-11-23,,,28,"Часы с питанием от сети переменного тока
"
52,2016-11-23,,,59,"Топливная система транспорта
"
53,2016-11-23,,,29,"Аппаратура видеозаписи и воспроизведения
"
54,2016-11-23,,,60,"Прочие изделия и устройства
"
55,2016-11-23,,,30,"Электропаяльник, электроприбор для выжигания и зажигания и другие
"
56,2016-11-23,,,61,"Торф
"
57,2016-11-23,,,31,"Электронасос
"
58,2016-11-23,,,62,"Пиротехническое изделие
"
