Id,Дата Ввода,Дата Окончания,Код По Арм,Код,Наименование Места Возникновения Чс,Классификатор Типов Мест Возникновения Черезвычайной Ситуации
1,2016-11-23,,,1,"Актовый 
",1
2,2016-11-23,,,9,"Операционный 
",1
3,2016-11-23,,,2,"Выставочный, музейный 
",1
4,2016-11-23,,,10,"Пассажирский 
",1
5,2016-11-23,,,3,"Гимнастических занятий
",1
6,2016-11-23,,,11,"Спортивный
",1
7,2016-11-23,,,4,"Зрительный
",1
8,2016-11-23,,,12,"Торговый
",1
9,2016-11-23,,,5,"Кассовый
",1
10,2016-11-23,,,13,"Чертежный
",1
11,2016-11-23,,,6,"Машинный
",1
12,2016-11-23,,,14,"Читальный
",1
13,2016-11-23,,,7,"Музыкальных занятий
",1
14,2016-11-23,,,15,"ЭВМ
",1
15,2016-11-23,,,8,"Обеденный
",1
16,2016-11-23,,,17,"Административно-хозяйственное
",2
17,2016-11-23,,,32,"Помещение теплогенерирующих установок
",2
18,2016-11-23,,,18,"Вспомогательное
",2
19,2016-11-23,,,33,"Приема пищи (столовая)
",2
20,2016-11-23,,,19,"Зерно- семяочистительное
",2
21,2016-11-23,,,34,"Приема, хранения, подготовки товаров к продаже
",2
22,2016-11-23,,,20,"Лечебно-диагностическое
",2
23,2016-11-23,,,35,"Производства комбикормов
",2
24,2016-11-23,,,21,"Мансарды 
",2
25,2016-11-23,,,36,"Ремонта и настройки аппаратуры
",2
26,2016-11-23,,,22,"Медицинское
",2
27,2016-11-23,,,37,"Служебно-бытовое
",2
28,2016-11-23,,,23,"Модельное
",2
29,2016-11-23,,,38,"Содержания животных
",2
30,2016-11-23,,,24,"Моечное
",2
31,2016-11-23,,,39,"Сушильно-гладильное
",2
32,2016-11-23,,,25,"Обработки и упаковки макулатуры
",2
33,2016-11-23,,,40,"Технического этажа
",2
34,2016-11-23,,,26,"Обработки семян, концкормов, травяной муки
",2
35,2016-11-23,,,41,"Химической чистки
",2
36,2016-11-23,,,27,"Оркестра
",2
37,2016-11-23,,,42,"Цокольного этажа
",2
38,2016-11-23,,,28,"Отдыха
",2
39,2016-11-23,,,43,"Чердака
",2
40,2016-11-23,,,29,"Переплетно-брошюровочное
",2
41,2016-11-23,,,44,"Чистки одежды и обуви
",2
42,2016-11-23,,,30,"Подвальное
",2
43,2016-11-23,,,46,"Баллоно-наполнительный
",3
44,2016-11-23,,,63,"Прокатный
",3
45,2016-11-23,,,47,"Деревообработки
",3
46,2016-11-23,,,64,"Промывки деталей
",3
47,2016-11-23,,,48,"Заготовительный
",3
48,2016-11-23,,,65,"Раскройный
",3
49,2016-11-23,,,49,"Закалочный
",3
50,2016-11-23,,,66,"Рекламно-декоративный
",3
51,2016-11-23,,,50,"Защитных покрытий
",3
52,2016-11-23,,,67,"Ремонта 
",3
53,2016-11-23,,,51,"Испытательный
",3
54,2016-11-23,,,68,"Сборочный
",3
55,2016-11-23,,,52,"Лакокраскоприготовительный
",3
56,2016-11-23,,,69,"Смесеприготовительный
",3
57,2016-11-23,,,53,"Лесопильный
",3
58,2016-11-23,,,70,"Станков
",3
59,2016-11-23,,,54,"Литейный
",3
60,2016-11-23,,,71,"Столярный
",3
61,2016-11-23,,,55,"Механической полировки
",3
62,2016-11-23,,,72,"Сушильно-пропиточный
",3
63,2016-11-23,,,56,"Механосборочный
",3
64,2016-11-23,,,73,"Сушильный
",3
65,2016-11-23,,,57,"Обезжиривания и нанесения составов
",3
66,2016-11-23,,,74,"Технического обслуживания и ремонта транспорта
",3
67,2016-11-23,,,58,"Окрасочный
",3
68,2016-11-23,,,75,"Транспортный
",3
69,2016-11-23,,,59,"Печатный
",3
70,2016-11-23,,,76,"Фасовки
",3
71,2016-11-23,,,60,"Пластмасс и резины
",3
72,2016-11-23,,,77,"Хранения техники
",3
73,2016-11-23,,,61,"Пошивочный
",3
74,2016-11-23,,,78,"Электроремонтный
",3
75,2016-11-23,,,79,"Бельевая
",4
76,2016-11-23,,,91,"Оружия (боеприпасов)
",4
77,2016-11-23,,,80,"Грубых кормов
",4
78,2016-11-23,,,92,"Открытого хранения
",4
79,2016-11-23,,,81,"ГСМ
",4
80,2016-11-23,,,93,"Препараторская
",4
81,2016-11-23,,,82,"Декораций, бутафории, реквизита
",4
82,2016-11-23,,,94,"Продовольствия
",4
83,2016-11-23,,,83,"Древесины
",4
84,2016-11-23,,,95,"Расходная
",4
85,2016-11-23,,,84,"Зерна 
",4
86,2016-11-23,,,96,"Резины
",4
87,2016-11-23,,,85,"Инвентаря
",4
88,2016-11-23,,,97,"Рентгеновской снимков и фотопленки
",4
89,2016-11-23,,,86,"Инструмента
",4
90,2016-11-23,,,98,"Тары
",4
91,2016-11-23,,,87,"Камера хранения
",4
92,2016-11-23,,,99,"Фуража
",4
93,2016-11-23,,,88,"Кино-, фотоматериалов
",4
94,2016-11-23,,,100,"Фурнитуры
",4
95,2016-11-23,,,89,"Книжного фонда
",4
96,2016-11-23,,,101,"Химических реактивов
",4
97,2016-11-23,,,90,"Материальный
",4
98,2016-11-23,,,102,"Хозяйственная
",4
99,2016-11-23,,,103,"Автотранспорт
",5
100,2016-11-23,,,152,"Лифт
",5
101,2016-11-23,,,104,"Ангар
",5
102,2016-11-23,,,153,"Лыжная база
",5
103,2016-11-23,,,105,"Архив
",5
104,2016-11-23,,,154,"Мазутонасосная
",5
105,2016-11-23,,,106,"Ателье
",5
106,2016-11-23,,,155,"Мусорный контейнер, урна
",5
107,2016-11-23,,,107,"Аудитория
",5
108,2016-11-23,,,156,"Мусоропровод
",5
109,2016-11-23,,,108,"Балкон, лоджия
",5
110,2016-11-23,,,157,"Наружная технологическая установка
",5
111,2016-11-23,,,109,"Баня
",5
112,2016-11-23,,,158,"Насосная станция
",5
113,2016-11-23,,,110,"Бассейн
",5
114,2016-11-23,,,159,"Операционная
",5
115,2016-11-23,,,111,"Библиотека
",5
116,2016-11-23,,,160,"Палата
",5
117,2016-11-23,,,112,"Буфет, бар, кафе
",5
118,2016-11-23,,,161,"Парикмахерская
",5
119,2016-11-23,,,113,"Бухгалтерия
",5
120,2016-11-23,,,162,"Парилка
",5
121,2016-11-23,,,114,"Ванная комната
",5
122,2016-11-23,,,163,"Погрузочно-разгрузочная рампа
",5
123,2016-11-23,,,115,"Вентиляционная камера 
",5
124,2016-11-23,,,164,"Подстанция
",5
125,2016-11-23,,,116,"Воздуховод 
",5
126,2016-11-23,,,165,"Поле, огород
",5
127,2016-11-23,,,117,"Газгольдерная
",5
128,2016-11-23,,,166,"Прачечная
",5
129,2016-11-23,,,118,"Газораспределительный пункт
",5
130,2016-11-23,,,167,"Примерочная
",5
131,2016-11-23,,,119,"Галерея
",5
132,2016-11-23,,,168,"Приямок
",5
133,2016-11-23,,,120,"Гараж
",5
134,2016-11-23,,,169,"Процедурное 
",5
135,2016-11-23,,,121,"Гардеробная
",5
136,2016-11-23,,,170,"Пункт приема
",5
137,2016-11-23,,,122,"Гостиная комната 
",5
138,2016-11-23,,,171,"Пункт проката
",5
139,2016-11-23,,,123,"Гостиничный номер
",5
140,2016-11-23,,,172,"Радиоузел
",5
141,2016-11-23,,,124,"Групповая ячейка детского дошкольного учреждения
",5
142,2016-11-23,,,173,"Раздевальная
",5
143,2016-11-23,,,125,"Дверь (обшивка двери)
",5
144,2016-11-23,,,174,"Реанимационное
",5
145,2016-11-23,,,126,"Дикторская
",5
146,2016-11-23,,,175,"Регистратура
",5
147,2016-11-23,,,127,"Душевая
",5
148,2016-11-23,,,176,"Резервуар
",5
149,2016-11-23,,,128,"Емкость
",5
150,2016-11-23,,,177,"Сарай
",5
151,2016-11-23,,,129,"Жилая комната
",5
152,2016-11-23,,,178,"Сельскохозяйственная техника (трактор, кормоуборочная техника и т.д.)
",5
153,2016-11-23,,,130,"Загрузочно-тарная
",5
154,2016-11-23,,,179,"Система аспирации пыли
",5
155,2016-11-23,,,131,"Игровая
",5
156,2016-11-23,,,180,"Скирда, стог, шоха 
",5
157,2016-11-23,,,132,"Изолятор
",5
158,2016-11-23,,,181,"Спальная комната
",5
159,2016-11-23,,,133,"Кабельный коллектор, тоннель, галерея, шахта
",5
160,2016-11-23,,,182,"Стерилизационное, дистиляционно-стерилизационное 
",5
161,2016-11-23,,,134,"Кабинет 
",5
162,2016-11-23,,,183,"Строительная техника
",5
163,2016-11-23,,,135,"Камера охлаждения
",5
164,2016-11-23,,,184,"Сцена
",5
165,2016-11-23,,,136,"Канцелярия
",5
166,2016-11-23,,,185,"Тир
",5
167,2016-11-23,,,137,"Караван 
",5
168,2016-11-23,,,186,"Тоннель
",5
169,2016-11-23,,,138,"Кинопроекционная
",5
170,2016-11-23,,,187,"Топочная
",5
171,2016-11-23,,,139,"Киоск, павильон, палатка и т.п.
",5
172,2016-11-23,,,188,"Транспортная галерея 
",5
173,2016-11-23,,,140,"Комбайн
",5
174,2016-11-23,,,189,"Трансформаторная подстанция
",5
175,2016-11-23,,,141,"Комната матери и ребенка
",5
176,2016-11-23,,,190,"Туалет
",5
177,2016-11-23,,,142,"Комната персонала 
",5
178,2016-11-23,,,191,"Учебный кабинет
",5
179,2016-11-23,,,143,"Компрессорная 
",5
180,2016-11-23,,,192,"Учительская
",5
181,2016-11-23,,,144,"Коридор
",5
182,2016-11-23,,,193,"Фойе 
",5
183,2016-11-23,,,145,"Коридор, прихожая (для квартир)
",5
184,2016-11-23,,,194,"Фотолаборатория
",5
185,2016-11-23,,,146,"Кровля
",5
186,2016-11-23,,,195,"Электротранспорт
",5
187,2016-11-23,,,147,"Курительная
",5
188,2016-11-23,,,196,"Эстакада
",5
189,2016-11-23,,,148,"Кухня
",5
190,2016-11-23,,,197,"Эстрада
",5
191,2016-11-23,,,149,"Лаборантская
",5
192,2016-11-23,,,198,"Прочее место возникновения пожара
",5
193,2016-11-23,,,150,"Лаборатория
",5
194,2016-11-23,,,199,"Территория 
",5
195,2016-11-23,,,151,"Лестничная клетка
",5
196,2016-11-23,,,200,"Торфомассив
",5
