Id,Дата Ввода,Дата Окончания,Код По Арм,Код,Наименование Объекта Пожара
4,2016-11-24,,,1,"Здания для постоянного проживания и временного пребывания людей
"
5,2016-11-24,,,2,"Зрелищные и культурно-просветительные  учреждения
"
6,2016-11-24,,,3,"Предприятия по обслуживанию населения
"
7,2016-11-24,,,4,"Учебные заведения, научные и проектные организации, учреждения управления
"
8,2016-11-24,,,5,"Производственные и складские здания, сооружения
"
9,2016-11-24,,,6,"Объекты нового строительства, реконструкции, капитального ремонта
"
10,2016-11-24,,,7,"Прочие объекты
"
11,2016-11-24,,,8,"Сельскохозяйственные объекты
"
13,2016-11-24,,,10,"Транспортные средства, находящиеся в собственности граждан, юридических лиц и индивидуальных предпринимателей
"
14,2016-11-24,,,11,"Жилой фонд
"
12,2016-11-24,,,9,Хлебоприемный пункт
