Id,Дата Ввода,Дата Окончания,Наименование
1,2016-12-12,,Топливно-энергетическая сфера
2,2016-12-12,,"Пищевая и перерабатывающая промышленность, сельское хозяйство,  общественное питание"
3,2016-12-12,,"Здравоохранение, санаторно-курортное лечение и оздоровление"
4,2016-12-12,,Транспорт
5,2016-12-12,,"Информационно-управляющая система, связь"
6,2016-12-12,,Жилищно-коммунальное хозяйство и бытовое обслуживание населения
7,2016-12-12,,Социальное обслуживание
