Id,Дата Ввода,Дата Окончания,Наименование Подразделения,Краткое Наименование,Код Соато
3,2016-12-08,,МЧС Гродненская обл.,Гродненская обл.,4000000000
1,2016-12-08,,"МЧС Гродненская обл., Островецкий р-н",Островецкий р-н,4246000000
2,2016-12-08,,"МЧС Гродненская обл., Ошмянский р-н",Ошмянский,4249000000
5,2016-12-08,,МЧС г. Ошмяны,г. Ошмяны,4249501000
4,2016-12-08,,МЧС г. Островец,г. Островец,4246501000
6,2016-12-08,,admin,admin,1000000000
7,2016-12-12,,Брестский ГОЧС,Брестский ГОЧС,1401000000
8,2016-12-12,,Брестский РОЧС,Брестский РОЧС,1212000000
9,2016-12-12,,Барановичский ГРОЧС,Барановичский ГРОЧС,1204000000
10,2016-12-12,,Березовский РОЧС,Березовский РОЧС,1208000000
11,2016-12-12,,Ганцевичский РОЧС,Ганцевичский РОЧС,1216000000
12,2016-12-12,,Дрогичинский РОЧС,Дрогичинский РОЧС,1220000000
13,2016-12-12,,Жабинковский РОЧС,Жабинковский РОЧС,1225000000
14,2016-12-12,,Ивановский РОЧС,Ивановский РОЧС,1230000000
15,2016-12-12,,Ивацевичский РОЧС,Ивацевичский РОЧС,1234000000
16,2016-12-12,,Каменецкий РОЧС,Каменецкий РОЧС,1240000000
17,2016-12-12,,Кобринский РОЧС,Кобринский РОЧС,1243000000
18,2016-12-12,,Лунинецкий РОЧС,Лунинецкий РОЧС,1247000000
19,2016-12-12,,Ляховичский РОЧС,Ляховичский РОЧС,1250000000
20,2016-12-12,,Малоритский РОЧС,Малоритский РОЧС,1252000000
21,2016-12-12,,Пинский ГРОЧС,Пинский ГРОЧС,1254000000
22,2016-12-12,,Пружанский РОЧС,Пружанский РОЧС,1256000000
23,2016-12-12,,Столинский РОЧС,Столинский РОЧС,1258000000
24,2016-12-12,,Бешенковичский РОЧС,Бешенковичский РОЧС,2205000000
25,2016-12-12,,Браславский РОЧС,Браславский РОЧС,2208000000
26,2016-12-12,,Верхнедвинский РОЧС,Верхнедвинский РОЧС,2210000000
27,2016-12-12,,Витебский ГОЧС,Витебский ГОЧС,2401000000
28,2016-12-12,,Витебский РОЧС,Витебский РОЧС,2212000000
29,2016-12-12,,Глубокский РОЧС,Глубокский РОЧС,2215000000
30,2016-12-12,,Городокский РОЧС,Городокский РОЧС,2218000000
31,2016-12-12,,Докшицкий РОЧС,Докшицкий РОЧС,2221000000
32,2016-12-12,,Дубровенский РОЧС,Дубровенский РОЧС,2224000000
33,2016-12-12,,Лепельский РОЧС,Лепельский РОЧС,2227000000
34,2016-12-12,,Лиозненский РОЧС,Лиозненский РОЧС,2230000000
35,2016-12-12,,Миорский РОЧС,Миорский РОЧС,2233000000
36,2016-12-12,,Новополоцкий ГОЧС,Новополоцкий ГОЧС,2418000000
37,2016-12-12,,Оршанский ГРОЧС,Оршанский ГРОЧС,2236000000
38,2016-12-12,,Полоцкий ГРОЧС,Полоцкий ГРОЧС,2238000000
39,2016-12-12,,Поставский РОЧС,Поставский РОЧС,2240000000
40,2016-12-12,,Россонский РОЧС,Россонский РОЧС,2242000000
41,2016-12-12,,Сенненский РОЧС,Сенненский РОЧС,2244000000
42,2016-12-12,,Толочинский РОЧС,Толочинский РОЧС,2246000000
43,2016-12-12,,Ушачский РОЧС,Ушачский РОЧС,2249000000
44,2016-12-12,,Чашникский РОЧС,Чашникский РОЧС,2251000000
45,2016-12-12,,Шарковщинский РОЧС,Шарковщинский РОЧС,2255000000
46,2016-12-12,,Шумилинский РОЧС,Шумилинский РОЧС,2258000000
47,2016-12-12,,Брагинский РОЧС,Брагинский РОЧС,3203000000
48,2016-12-12,,Буда-Кошелевский РОЧС,Буда-Кошелевский РОЧС,3205000000
49,2016-12-12,,Ветковский РОЧС,Ветковский РОЧС,3208000000
50,2016-12-12,,Гомельский ГОЧС,Гомельский ГОЧС,3401000000
51,2016-12-12,,Гомельский РОЧС,Гомельский РОЧС,3210000000
52,2016-12-12,,Добрушский РОЧС,Добрушский РОЧС,3212000000
53,2016-12-12,,Ельский РОЧС,Ельский РОЧС,3214000000
54,2016-12-12,,Житковичский РОЧС,Житковичский РОЧС,3216000000
55,2016-12-12,,Жлобинский РОЧС,Жлобинский РОЧС,3218000000
56,2016-12-12,,Калинковичский РОЧС,Калинковичский РОЧС,3223000000
57,2016-12-12,,Кормянский РОЧС,Кормянский РОЧС,3225000000
58,2016-12-12,,Лельчицкий РОЧС,Лельчицкий РОЧС,3228000000
59,2016-12-12,,Лоевский РОЧС,Лоевский РОЧС,3230000000
60,2016-12-12,,Мозырский ГРОЧС,Мозырский ГРОЧС,3235000000
61,2016-12-12,,Наровлянский РОЧС,Наровлянский РОЧС,3238000000
63,2016-12-12,,Петриковский РОЧС,Петриковский РОЧС,3243000000
64,2016-12-12,,Речицкий РОЧС,Речицкий РОЧС,3245000000
65,2016-12-12,,Рогачевский РОЧС,Рогачевский РОЧС,3247000000
66,2016-12-12,,Светлогорский РОЧС,Светлогорский РОЧС,3250000000
67,2016-12-12,,Хойникский РОЧС,Хойникский РОЧС,3254000000
68,2016-12-12,,Чечерский РОЧС,Чечерский РОЧС,3256000000
69,2016-12-12,,Берестовицкий РОЧС,Берестовицкий РОЧС,4204000000
70,2016-12-12,,Волковысский РОЧС,Волковысский РОЧС,4208000000
71,2016-12-12,,Вороновский РОЧС,Вороновский РОЧС,4213000000
72,2016-12-12,,Гродненский ГОЧС,Гродненский ГОЧС,4401000000
73,2016-12-12,,Гродненский РОЧС,Гродненский РОЧС,4220000000
74,2016-12-12,,Дятловский РОЧС,Дятловский РОЧС,4223000000
75,2016-12-12,,Зельвенский РОЧС,Зельвенский РОЧС,4226000000
76,2016-12-12,,Ивьевский РОЧС,Ивьевский РОЧС,4229000000
77,2016-12-12,,Кореличский РОЧС,Кореличский РОЧС,4233000000
78,2016-12-12,,Лидский РОЧС,Лидский РОЧС,4236000000
79,2016-12-12,,Мостовский РОЧС,Мостовский РОЧС,4240000000
80,2016-12-12,,Новогрудский РОЧС,Новогрудский РОЧС,4243000000
81,2016-12-12,,Островецкий РОЧС,Островецкий РОЧС,4246000000
82,2016-12-12,,Ошмянский РОЧС,Ошмянский РОЧС,4249000000
83,2016-12-12,,Свислочский РОЧС,Свислочский РОЧС,4252000000
84,2016-12-12,,Слонимский РОЧС,Слонимский РОЧС,4254000000
85,2016-12-12,,Сморгонский РОЧС,Сморгонский РОЧС,4256000000
86,2016-12-12,,Щучинский РОЧС,Щучинский РОЧС,4258000000
87,2016-12-12,,Березинский РОЧС,Березинский РОЧС,6204000000
88,2016-12-12,,Борисовский ГРОЧС,Борисовский ГРОЧС,6208000000
89,2016-12-12,,Вилейский РОЧС,Вилейский РОЧС,6213000000
90,2016-12-12,,Воложинский РОЧС,Воложинский РОЧС,6220000000
91,2016-12-12,,Дзержинский РОЧС,Дзержинский РОЧС,6222000000
92,2016-12-12,,Жодинский ГОЧС,Жодинский ГОЧС,6413000000
93,2016-12-12,,Клецкий РОЧС,Клецкий РОЧС,6225000000
94,2016-12-12,,Копыльский РОЧС,Копыльский РОЧС,6228000000
95,2016-12-12,,Крупский РОЧС,Крупский РОЧС,6230000000
96,2016-12-12,,Логойский РОЧС,Логойский РОЧС,6232000000
97,2016-12-12,,Любанский РОЧС,Любанский РОЧС,6234000000
98,2016-12-12,,Минский РОЧС,Минский РОЧС,6236000000
99,2016-12-12,,Молодечненский ГРОЧС,Молодечненский ГРОЧС,6238000000
100,2016-12-12,,Мядельский РОЧС,Мядельский РОЧС,6240000000
101,2016-12-12,,Несвижский РОЧС,Несвижский РОЧС,6242000000
102,2016-12-12,,Пуховичский РОЧС,Пуховичский РОЧС,6244000000
103,2016-12-12,,Слуцкий РОЧС,Слуцкий РОЧС,6246000000
104,2016-12-12,,Смолевичский РОЧС,Смолевичский РОЧС,6248000000
105,2016-12-12,,Солигорский ГРОЧС,Солигорский ГРОЧС,6250000000
106,2016-12-12,,Стародорожский РОЧС,Стародорожский РОЧС,6252000000
107,2016-12-12,,Столбцовский РОЧС,Столбцовский РОЧС,6254000000
108,2016-12-12,,Узденский РОЧС,Узденский РОЧС,6256000000
109,2016-12-12,,Червенский РОЧС,Червенский РОЧС,6258000000
110,2016-12-12,,Белыничский РОЧС,Белыничский РОЧС,7204000000
111,2016-12-12,,Бобруйский ГРОЧС,Бобруйский ГРОЧС,7208000000
112,2016-12-12,,Быховский РОЧС,Быховский РОЧС,7213000000
113,2016-12-12,,Глусский РОЧС,Глусский РОЧС,7217000000
114,2016-12-12,,Горецкий РОЧС,Горецкий РОЧС,7220000000
115,2016-12-12,,Дрибинский РОЧС,Дрибинский РОЧС,7223000000
116,2016-12-12,,Кировский РОЧС,Кировский РОЧС,7225000000
117,2016-12-12,,Климовичский РОЧС,Климовичский РОЧС,7228000000
118,2016-12-12,,Кличевский РОЧС,Кличевский РОЧС,7230000000
62,2016-12-12,,Октябрьский РОЧС,Октябрьский РОЧС,5272000000
119,2016-12-12,,Костюковичский РОЧС,Костюковичский РОЧС,7235000000
120,2016-12-12,,Краснопольский РОЧС,Краснопольский РОЧС,7238000000
121,2016-12-12,,Кричевский РОЧС,Кричевский РОЧС,7240000000
122,2016-12-12,,Круглянский РОЧС,Круглянский РОЧС,7242000000
123,2016-12-12,,Могилевский ГОЧС,Могилевский ГОЧС,7401000000
124,2016-12-12,,Могилевский РОЧС,Могилевский РОЧС,7244000000
125,2016-12-12,,Мстиславский РОЧС,Мстиславский РОЧС,7246000000
126,2016-12-12,,Осиповичский РОЧС,Осиповичский РОЧС,7248000000
127,2016-12-12,,Славгородский РОЧС,Славгородский РОЧС,7250000000
128,2016-12-12,,Хотимский РОЧС,Хотимский РОЧС,7252000000
129,2016-12-12,,Чаусский РОЧС,Чаусский РОЧС,7254000000
130,2016-12-12,,Чериковский РОЧС,Чериковский РОЧС,7256000000
131,2016-12-12,,Шкловский РОЧС,Шкловский РОЧС,7258000000
132,2016-12-12,,Заводской РОЧС,Заводской РОЧС,5264000000
133,2016-12-12,,Ленинский РОЧС,Ленинский РОЧС,5268000000
134,2016-12-12,,Московский РОЧС,Московский РОЧС,5270000000
135,2016-12-12,,Партизанский РОЧС,Партизанский РОЧС,5274000000
136,2016-12-12,,Первомайский РОЧС,Первомайский РОЧС,5276000000
137,2016-12-12,,Советский РОЧС,Советский РОЧС,5280000000
138,2016-12-12,,Фрунзенский РОЧС,Фрунзенский РОЧС,5284000000
139,2016-12-12,,Центральный РОЧС,Центральный РОЧС,5290000000
140,2016-12-12,,Брестское УМЧС,Брестское УМЧС,1000000000
141,2016-12-12,,Витебское УМЧС,Витебское УМЧС,2000000000
142,2016-12-12,,Гродненское УМЧС,Гродненское УМЧС,4000000000
143,2016-12-12,,Гомельское УМЧС,Гомельское УМЧС,3000000000
144,2016-12-12,,Минское городское УМЧС,Минское городское УМЧС,5000000000
145,2016-12-12,,Минское областное УМЧС,Минское областное УМЧС,6000000000
146,2016-12-12,,Могилевское УМЧС,Могилевское УМЧС,7000000000
147,2016-12-12,,НИИ ПБиЧС,НИИ ПБиЧС,0000000000
148,2016-12-12,,РЦУРЧС,РЦУРЧС,0000000000
149,2016-12-12,,УНиП,УНиП,0000000000
150,2016-12-12,,ГУ ГСЧСиГО,ГУ ГСЧСиГО,0000000000
